USE BANQUITO;
-- SQLINES FOR EVALUATION USE ONLY (14 DAYS)
INSERT `CLIENTE` (`COD_CLIENTE`, `CEDULA`, `NOMBRE`, `GENERO`, `FECHA_NACIMIENTO`) VALUES ('1000001', '1234567890', 'Juan Perez', 'M', CAST('1990-05-15' AS Date));
INSERT `CLIENTE` (`COD_CLIENTE`, `CEDULA`, `NOMBRE`, `GENERO`, `FECHA_NACIMIENTO`) VALUES ('1000002', '0987654321', 'Maria Gomez', 'F', CAST('1985-07-20' AS Date));
INSERT `CLIENTE` (`COD_CLIENTE`, `CEDULA`, `NOMBRE`, `GENERO`, `FECHA_NACIMIENTO`) VALUES ('1000003', '0504110438', 'Antoni Toapanta', 'M', CAST('1998-12-19' AS Date));
INSERT `CLIENTE` (`COD_CLIENTE`, `CEDULA`, `NOMBRE`, `GENERO`, `FECHA_NACIMIENTO`) VALUES ('1000004', '1709867997', 'Erick Criollo', 'M', CAST('1995-01-15' AS Date));
INSERT `CLIENTE` (`COD_CLIENTE`, `CEDULA`, `NOMBRE`, `GENERO`, `FECHA_NACIMIENTO`) VALUES ('1000005', '1762398778', 'Ricardo Lazo', 'M', CAST('2000-06-09' AS Date));
 
INSERT `CUENTA` (`COD_CLIENTE`, `NUM_CUENTA`, `SALDO`) VALUES ('1000001', '11111111', CAST(920.00 AS Decimal(10, 2)));
INSERT `CUENTA` (`COD_CLIENTE`, `NUM_CUENTA`, `SALDO`) VALUES ('1000002', '22222222', CAST(2000.00 AS Decimal(10, 2)));
INSERT `CUENTA` (`COD_CLIENTE`, `NUM_CUENTA`, `SALDO`) VALUES ('1000003', '11110011', CAST(522.00 AS Decimal(10, 2)));
INSERT `CUENTA` (`COD_CLIENTE`, `NUM_CUENTA`, `SALDO`) VALUES ('1000004', '22220022', CAST(3000.00 AS Decimal(10, 2)));
INSERT `CUENTA` (`COD_CLIENTE`, `NUM_CUENTA`, `SALDO`) VALUES ('1000005', '33330033', CAST(500.00 AS Decimal(10, 2)));
 
/* SET IDENTITY_INSERT [dbo].[CREDITO] ON */ 

INSERT `CREDITO` (`COD_CREDITO`, `COD_CLIENTE`, `NUM_CUENTA`, `MONTO`, `TASA_INTERES`, `PLAZO_MESES`, `FECHA_INICIO`, `ESTADO`) VALUES (3, '1000001', '11111111', CAST(1000.00 AS Decimal(10, 2)), CAST(16.50 AS Decimal(5, 2)), 12, CAST('2024-01-01' AS Date), 'ACTIVO');
INSERT `CREDITO` (`COD_CREDITO`, `COD_CLIENTE`, `NUM_CUENTA`, `MONTO`, `TASA_INTERES`, `PLAZO_MESES`, `FECHA_INICIO`, `ESTADO`) VALUES (4, '1000002', '22222222', CAST(2000.00 AS Decimal(10, 2)), CAST(16.50 AS Decimal(5, 2)), 6, CAST('2024-01-15' AS Date), 'CANCELADO');
INSERT `CREDITO` (`COD_CREDITO`, `COD_CLIENTE`, `NUM_CUENTA`, `MONTO`, `TASA_INTERES`, `PLAZO_MESES`, `FECHA_INICIO`, `ESTADO`) VALUES (5, '1000003', '11110011', CAST(3207.00 AS Decimal(10, 2)), CAST(16.50 AS Decimal(5, 2)), 14, CAST('2025-01-03' AS Date), 'ACTIVO');
/* SET IDENTITY_INSERT [dbo].[CREDITO] OFF */
 
INSERT `MOVIMIENTO` (`COD_CLIENTE`, `NUM_CUENTA`, `COD_MOVIMIENTO`, `TIPO`, `VALOR`, `FECHA`) VALUES ('1000003', '11110011', 1, 'DEPOSITO', CAST(1000.00 AS Decimal(10, 2)), CAST('2024-12-01' AS Date));
INSERT `MOVIMIENTO` (`COD_CLIENTE`, `NUM_CUENTA`, `COD_MOVIMIENTO`, `TIPO`, `VALOR`, `FECHA`) VALUES ('1000003', '11110011', 2, 'DEPOSITO', CAST(100.00 AS Decimal(10, 2)), CAST('2025-01-02' AS Date));
INSERT `MOVIMIENTO` (`COD_CLIENTE`, `NUM_CUENTA`, `COD_MOVIMIENTO`, `TIPO`, `VALOR`, `FECHA`) VALUES ('1000003', '11110011', 4, 'RETIRO', CAST(739.00 AS Decimal(10, 2)), CAST('2025-01-02' AS Date));
INSERT `MOVIMIENTO` (`COD_CLIENTE`, `NUM_CUENTA`, `COD_MOVIMIENTO`, `TIPO`, `VALOR`, `FECHA`) VALUES ('1000003', '11110011', 5, 'RETIRO', CAST(739.00 AS Decimal(10, 2)), CAST('2025-01-02' AS Date));
INSERT `MOVIMIENTO` (`COD_CLIENTE`, `NUM_CUENTA`, `COD_MOVIMIENTO`, `TIPO`, `VALOR`, `FECHA`) VALUES ('1000001', '11111111', 1, 'DEPOSITO', CAST(500.00 AS Decimal(10, 2)), CAST('2024-11-01' AS Date));
INSERT `MOVIMIENTO` (`COD_CLIENTE`, `NUM_CUENTA`, `COD_MOVIMIENTO`, `TIPO`, `VALOR`, `FECHA`) VALUES ('1000001', '11111111', 2, 'RETIRO', CAST(200.00 AS Decimal(10, 2)), CAST('2024-11-05' AS Date));
INSERT `MOVIMIENTO` (`COD_CLIENTE`, `NUM_CUENTA`, `COD_MOVIMIENTO`, `TIPO`, `VALOR`, `FECHA`) VALUES ('1000001', '11111111', 3, 'RETIRO', CAST(1.00 AS Decimal(10, 2)), CAST('2025-01-02' AS Date));
INSERT `MOVIMIENTO` (`COD_CLIENTE`, `NUM_CUENTA`, `COD_MOVIMIENTO`, `TIPO`, `VALOR`, `FECHA`) VALUES ('1000001', '11111111', 6, 'RETIRO', CAST(579.00 AS Decimal(10, 2)), CAST('2025-01-03' AS Date));
INSERT `MOVIMIENTO` (`COD_CLIENTE`, `NUM_CUENTA`, `COD_MOVIMIENTO`, `TIPO`, `VALOR`, `FECHA`) VALUES ('1000004', '22220022', 1, 'DEPOSITO', CAST(1500.00 AS Decimal(10, 2)), CAST('2024-11-05' AS Date));
INSERT `MOVIMIENTO` (`COD_CLIENTE`, `NUM_CUENTA`, `COD_MOVIMIENTO`, `TIPO`, `VALOR`, `FECHA`) VALUES ('1000002', '22222222', 1, 'DEPOSITO', CAST(800.00 AS Decimal(10, 2)), CAST('2024-11-10' AS Date));
INSERT `MOVIMIENTO` (`COD_CLIENTE`, `NUM_CUENTA`, `COD_MOVIMIENTO`, `TIPO`, `VALOR`, `FECHA`) VALUES ('1000005', '33330033', 1, 'RETIRO', CAST(200.00 AS Decimal(10, 2)), CAST('2024-10-15' AS Date));
INSERT `MOVIMIENTO` (`COD_CLIENTE`, `NUM_CUENTA`, `COD_MOVIMIENTO`, `TIPO`, `VALOR`, `FECHA`) VALUES ('1000005', '33330033', 2, 'DEPOSITO', CAST(500.00 AS Decimal(10, 2)), CAST('2024-12-11' AS Date));
 
/* SET IDENTITY_INSERT [dbo].[CELULAR] ON */ 

INSERT `ELECTRODOMESTICO` (`Nombre`, `Precio`, `FotoUrl`) VALUES ('Licuadora', CAST(200 AS Decimal(18, 2)), 'https://encrypted-tbn1.gstatic.com/shopping?q=tbn:ANd9GcRy-F3td3vrCWW4XQQev2ezs7V-BXok8sGlVd0zVYuJDQR24Bp4l42XmaFN4yLJPwQxetepqnm2GIdXkp7_hgrZbMnXTV0cT856KlZV3Dw8A7dCCiP0FEAXTM8LijCNjD8o3jAqsBw&usqp=CAcxiaomi-14t.png');
INSERT `ELECTRODOMESTICO` (`Nombre`, `Precio`, `FotoUrl`) VALUES ('Lavadora', CAST(60.50 AS Decimal(18, 2)), 'https://encrypted-tbn3.gstatic.com/shopping?q=tbn:ANd9GcQvDaLCpaeNhlUjV1rr0bM8xg8_dJn9reJR7yzVvnSP4978JVzkjVtNprKfNjt9j-Yj78CvKWFCwJVwOzLJxPmmbr_dzNd9IJoDsDn1UK-Lol56B-_IJ22t3UtDO4KyCi1XNgL8zqCVIHJY&usqp=CAc');
INSERT `ELECTRODOMESTICO` (`Nombre`, `Precio`, `FotoUrl`) VALUES ('Secadora', CAST(569.00 AS Decimal(18, 2)), 'https://encrypted-tbn2.gstatic.com/shopping?q=tbn:ANd9GcR6bzcKU96HxSmF6zviK5XbdiINJI-tr6FFlN4TQb9h9NwrqMa_5M0OzJyVdcgTKS0msql7t_6w_dh4T4p95vU9_uxfCdtvmmU67lYoglZQC-R9h6GB3Uv_I3Ykb1bzkoGpQwDSHA&usqp=CAc');
/* SET IDENTITY_INSERT [dbo].[CELULAR] OFF */
 